1	ACGAGTGCGT
2	ACGCTCGACA
3	AGACGCACTC
4	AGCACTGTAG
5	ATCAGACACG
6	ATATCGCGAG
7	CGTGTCTCTA
8	CTCGCGTGTC
9	TAGTATCAGC
10	TCTCTATGCG
11	TGATACGTCT
12	TACTGAGCTA
13	CATAGTAGTG
14	CGAGAGATAC
15	ATACGACGTA
16	TCACGTACTA
17	CGTCTAGTAC
18	TCTACGTAGC
19	TGTACTACTC
20	ACGACTACAG
21	CGTAGACTAG
22	TACGAGTATG
23	TACTCTCGTG
24	TAGAGACGAG
25	TCGTCGCTCG
26	ACATACGCGT
27	ACGCGAGTAT
28	ACTACTATGT
29	ACTGTACAGT
30	AGACTATACT
31	AGCGTCGTCT
32	AGTACGCTAT
33	ATAGAGTACT
34	CACGCTACGT
35	CAGTAGACGT
36	CGACGTGACT
37	TACACACACT
38	TACACGTGAT
39	TACAGATCGT
40	TACGCTGTCT
41	TAGTGTAGAT
42	TCGATCACGT
43	TCGCACTAGT
44	TCTAGCGACT
45	TCTATACTAT
46	TGACGTATGT
47	TGTGAGTAGT
48	ACAGTATATA
49	ACGCGATCGA
50	ACTAGCAGTA
51	AGCTCACGTA
52	AGTATACATA
53	AGTCGAGAGA
54	AGTGCTACGA
55	CGATCGTATA
56	CGCAGTACGA
57	CGCGTATACA
58	CGTACAGTCA
59	CGTACTCAGA
60	CTACGCTCTA
61	CTATAGCGTA
62	TACGTCATCA
63	TAGTCGCATA
64	TATATATACA
65	TATGCTAGTA
66	TCACGCGAGA
67	TCGATAGTGA
68	TCGCTGCGTA
69	TCTGACGTCA
70	TGAGTCAGTA
71	TGTAGTGTGA
72	TGTCACACGA
73	TGTCGTCGCA
74	ACACATACGC
75	ACAGTCGTGC
76	ACATGACGAC
77	ACGACAGCTC
78	ACGTCTCATC
79	ACTCATCTAC
80	ACTCGCGCAC
81	AGAGCGTCAC
82	AGCGACTAGC
83	AGTAGTGATC
84	AGTGACACAC
85	AGTGTATGTC
86	ATAGATAGAC
87	ATATAGTCGC
88	ATCTACTGAC
89	CACGTAGATC
90	CACGTGTCGC
91	CATACTCTAC
92	CGACACTATC
93	CGAGACGCGC
94	CGTATGCGAC
95	CGTCGATCTC
96	CTACGACTGC
97	CTAGTCACTC
98	CTCTACGCTC
99	CTGTACATAC
100	TAGACTGCAC
101	TAGCGCGCGC
102	TAGCTCTATC
103	TATAGACATC
104	TATGATACGC
105	TCACTCATAC
106	TCATCGAGTC
107	TCGAGCTCTC
108	TCGCAGACAC
109	TCTGTCTCGC
110	TGAGTGACGC
111	TGATGTGTAC
112	TGCTATAGAC
113	TGCTCGCTAC
114	ACGTGCAGCG
115	ACTCACAGAG
116	AGACTCAGCG
117	AGAGAGTGTG
118	AGCTATCGCG
119	AGTCTGACTG
120	AGTGAGCTCG
121	ATAGCTCTCG
122	ATCACGTGCG
123	ATCGTAGCAG
124	ATCGTCTGTG
125	ATGTACGATG
126	ATGTGTCTAG
127	CACACGATAG
128	CACTCGCACG
129	CAGACGTCTG
130	CAGTACTGCG
131	CGACAGCGAG
132	CGATCTGTCG
133	CGCGTGCTAG
134	CGCTCGAGTG
135	CGTGATGACG
136	CTATGTACAG
137	CTCGATATAG
138	CTCGCACGCG
139	CTGCGTCACG
140	CTGTGCGTCG
141	TAGCATACTG
142	TATACATGTG
143	TATCACTCAG
144	TATCTGATAG
145	TCGTGACATG
146	TCTGATCGAG
147	TGACATCTCG
148	TGAGCTAGAG
149	TGATAGAGCG
150	TGCGTGTGCG
151	TGCTAGTCAG
152	TGTATCACAG
153	TGTGCGCGTG
